dataProcessDependencyId,dataProcess,sourceObjectSchema,sourceObjectName,destinationObjectSchema,destinationObjectName,isEnabled,isTestPromoteEnvironment,isProdPromoteEnvironment
16,gold,NULL,NULL,conformed,dim_project,1,1,1
17,gold,conformed,dim_project,security,stg_user_project_relationship,1,1,1
18,gold,conformed,dim_date,conformed,dim_project,1,1,1
19,gold,NULL,NULL,conformed,dim_company,1,1,1
21,gold,NULL,NULL,operation_financials,dim_account_master,1,1,1
7,gold,NULL,NULL,security,dim_active_directory_user,1,1,1
12,gold,NULL,NULL,security,bridge_user_project_relationship,1,1,1
13,gold,security,stg_user_project_relationship,security,bridge_user_project_relationship,1,1,1
14,gold,security,dim_active_directory_user,security,bridge_user_project_relationship,1,1,1
15,gold,security,stg_user_defined_permission_override,security,bridge_user_project_relationship,0,1,1
22,gold,NULL,NULL,operation_financials,fact_account_balance,1,1,1
23,gold,conformed,dim_project,operation_financials,fact_account_balance,1,1,1
24,gold,conformed,dim_date,operation_financials,fact_account_balance,1,1,1
25,gold,NULL,NULL,operation_financials,fact_contracts,1,1,1
26,gold,conformed,dim_date,operation_financials,fact_contracts,1,1,1
27,gold,conformed,dim_project,operation_financials,fact_contracts,1,1,1
28,gold,conformed,dim_company,operation_financials,fact_contracts,1,1,1
29,gold,operation_financials,dim_account_master,operation_financials,fact_contracts,1,1,1
30,gold,NULL,NULL,schedule,dim_task,1,1,1
31,gold,conformed,dim_date,schedule,dim_task,1,1,1
32,gold,conformed,dim_project,schedule,dim_task,1,1,1
33,gold,NULL,NULL,schedule,dim_wbs,1,1,1
61,gold,NULL,NULL,schedule,dim_activity_code,1,1,1
35,gold,conformed,dim_project,schedule,dim_wbs,1,1,1
62,gold,conformed,dim_project,schedule,dim_activity_code,1,1,1
63,gold,schedule,dim_task,schedule,dim_activity_code,1,1,1
73,gold,NULL,NULL,security,user_menu_export,1,1,1
74,gold,security,bridge_user_project_relationship,security,user_menu_export,1,1,1
75,gold,security,dim_active_directory_user,security,user_menu_export,1,1,1
41,gold,NULL,NULL,conformed,dim_date,1,1,1
52,gold,NULL,NULL,schedule,dim_float_criteria,1,1,1
53,gold,NULL,NULL,schedule,fact_task_current_v,1,1,1
67,gold,NULL,NULL,schedule,dim_successor_task,1,1,1
68,gold,conformed,dim_project,schedule,dim_successor_task,1,1,1
69,gold,schedule,dim_task,schedule,dim_successor_task,1,1,1
76,gold,security,stg_user_defined_permission_override,security,user_menu_export,0,1,1
77,gold,security,stg_user_project_relationship,security,user_menu_export,1,1,1
90,gold,NULL,NULL,conformed,fact_project_details,0,1,1
91,gold,conformed,dim_project,conformed,fact_project_details,0,1,1
92,gold,conformed,dim_date,conformed,fact_project_details,0,1,1
99,gold,conformed,dim_date,labor,fact_monthly_subcontractors_hours_by_project,1,1,1
102,gold,NULL,NULL,conformed_v,dim_overhead_business_unit_v,1,1,1
103,gold,conformed,dim_project,conformed_v,dim_overhead_business_unit_v,1,1,1
8,gold,NULL,NULL,security,stg_user_defined_permission_override,0,1,1
9,gold,NULL,NULL,security,stg_user_project_relationship,1,1,1
10,gold,security,stg_user_defined_permission_override,security,stg_user_project_relationship,0,1,1
11,gold,security,dim_active_directory_user,security,stg_user_project_relationship,1,1,1
96,gold,NULL,NULL,labor,fact_monthly_subcontractors_hours_by_project,1,1,1
70,gold,NULL,NULL,schedule,dim_predecessor_task,1,1,1
71,gold,conformed,dim_project,schedule,dim_predecessor_task,1,1,1
72,gold,schedule,dim_task,schedule,dim_predecessor_task,1,1,1
93,gold,NULL,NULL,operation_financials,fact_project_cash_position,1,1,1
94,gold,conformed,dim_date,operation_financials,fact_project_cash_position,1,1,1
104,gold,NULL,NULL,labor,fact_weekly_labor_head_count,1,1,1
105,gold,NULL,NULL,labor,fact_weekly_labor_hours_by_project,1,1,1
106,gold,NULL,NULL,mpr,dim_status,1,1,1
107,gold,NULL,NULL,mpr,fact_cor_adjustment,1,1,1
108,gold,NULL,NULL,mpr,fact_cost_vs_budget_summary,1,1,1
109,gold,NULL,NULL,mpr,fact_mpr_base,1,1,1
110,gold,NULL,NULL,mpr,fact_pcco_adjustments,1,1,1
111,gold,NULL,NULL,mpr,fact_reconciliation,1,1,1
112,gold,NULL,NULL,mpr,fact_status,1,1,1
113,gold,NULL,NULL,mpr,fact_upqa,1,1,1
114,gold,NULL,NULL,emars,fact_payroll,0,1,1
115,gold,NULL,NULL,operation_financials,fact_pco_line_items,1,1,1
116,gold,NULL,NULL,safety,dim_body_part,1,1,1
117,gold,NULL,NULL,safety,dim_form,1,1,1
118,gold,NULL,NULL,safety,dim_form_location,1,1,1
119,gold,NULL,NULL,safety,dim_reporter_and_assignor,1,1,1
120,gold,NULL,NULL,safety,dim_status,1,1,1
121,gold,NULL,NULL,safety,fact_event_task,1,1,1
122,gold,NULL,NULL,schedule,dim_group,1,1,1
123,gold,NULL,NULL,schedule,fact_task,1,1,1
124,gold,NULL,NULL,web_app_integration,company_export,1,1,1
125,gold,NULL,NULL,web_app_integration,pbi_dataset_export,1,1,1
126,gold,NULL,NULL,web_app_integration,pbi_workspace_reports_export,1,1,1
127,gold,NULL,NULL,web_app_integration,user_menu_export,0,1,1
128,gold,conformed,dim_company,labor,fact_weekly_labor_head_count,1,1,1
129,gold,conformed,dim_company,web_app_integration,company_export,1,1,1
130,gold,conformed,dim_date,labor,fact_weekly_labor_head_count,1,1,1
131,gold,conformed,dim_date,labor,fact_weekly_labor_hours_by_project,1,1,1
132,gold,conformed,dim_date,mpr,fact_cor_adjustment,1,1,1
133,gold,conformed,dim_date,mpr,fact_mpr_base,1,1,1
134,gold,conformed,dim_date,mpr,fact_pcco_adjustments,1,1,1
135,gold,conformed,dim_date,mpr,fact_upqa,1,1,1
136,gold,conformed,dim_project,labor,fact_monthly_subcontractors_hours_by_project,1,1,1
137,gold,conformed,dim_project,labor,fact_weekly_labor_head_count,1,1,1
138,gold,conformed,dim_project,labor,fact_weekly_labor_hours_by_project,1,1,1
139,gold,conformed,dim_project,mpr,fact_cor_adjustment,1,1,1
140,gold,conformed,dim_project,mpr,fact_cost_vs_budget_summary,1,1,1
141,gold,conformed,dim_project,mpr,fact_mpr_base,1,1,1
142,gold,conformed,dim_project,mpr,fact_pcco_adjustments,1,1,1
143,gold,conformed,dim_project,mpr,fact_reconciliation,1,1,1
144,gold,conformed,dim_project,mpr,fact_status,1,1,1
145,gold,conformed,dim_project,mpr,fact_upqa,1,1,1
146,gold,conformed,dim_date,emars,fact_payroll,0,1,1
147,gold,conformed,dim_date,operation_financials,fact_pco_line_items,1,1,1
148,gold,conformed,dim_project,operation_financials,fact_pco_line_items,1,1,1
149,gold,mpr,dim_status,mpr,fact_status,1,1,1
150,gold,mpr,fact_mpr_base,mpr,fact_cor_adjustment,1,1,1
151,gold,mpr,fact_mpr_base,mpr,fact_cost_vs_budget_summary,1,1,1
152,gold,mpr,fact_mpr_base,mpr,fact_pcco_adjustments,1,1,1
153,gold,mpr,fact_mpr_base,mpr,fact_reconciliation,1,1,1
154,gold,mpr,fact_mpr_base,mpr,fact_status,1,1,1
155,gold,mpr,fact_mpr_base,mpr,fact_upqa,1,1,1
156,gold,operation_financials,dim_account_master,labor,fact_weekly_labor_hours_by_project,1,1,1
157,gold,operation_financials,dim_account_master,operation_financials,fact_pco_line_items,1,1,1
158,gold,safety,dim_form,safety,fact_event_task,1,1,1
159,gold,safety,dim_form_location,safety,fact_event_task,1,1,1
160,gold,safety,dim_status,safety,fact_event_task,1,1,1
161,gold,schedule,dim_float_criteria,schedule,fact_task,1,1,1
162,gold,schedule,dim_group,schedule,fact_task,1,1,1
163,gold,conformed,dim_project,schedule,fact_task,1,1,1
164,gold,schedule,dim_task,schedule,fact_task,1,1,1
165,gold,schedule,dim_wbs,schedule,fact_task,1,1,1
166,gold,security,bridge_user_project_relationship,web_app_integration,user_menu_export,0,1,1
167,gold,security,dim_active_directory_user,web_app_integration,user_menu_export,0,1,1
168,gold,security,stg_user_defined_permission_override,web_app_integration,user_menu_export,0,1,1
169,gold,security,stg_user_project_relationship,web_app_integration,user_menu_export,0,1,1
170,gold,web_app_integration,pbi_workspace_reports_export,web_app_integration,pbi_dataset_export,1,1,1
171,gold,web_app_integration,pbi_workspace_reports_export,web_app_integration,user_menu_export,0,1,1
172,gold,NULL,NULL,deficiencies,dim_deficiency_category,1,1,1
173,gold,NULL,NULL,deficiencies,dim_deficiency_cause_disposition,1,1,1
174,gold,NULL,NULL,deficiencies,dim_deficiency_csi_code,1,1,1
175,gold,NULL,NULL,deficiencies,dim_deficiency_division_group,1,1,1
176,gold,NULL,NULL,deficiencies,fact_deficiency,1,1,1
177,gold,NULL,NULL,operation_financials,fact_accounts_payable,1,1,1
178,gold,conformed,dim_company,deficiencies,fact_deficiency,1,1,1
179,gold,conformed,dim_company,operation_financials,fact_accounts_payable,1,1,1
180,gold,conformed,dim_date,deficiencies,fact_deficiency,1,1,1
181,gold,conformed,dim_date,operation_financials,fact_accounts_payable,1,1,1
182,gold,conformed,dim_project,deficiencies,fact_deficiency,1,1,1
183,gold,deficiencies,dim_deficiency_category,deficiencies,fact_deficiency,1,1,1
184,gold,deficiencies,dim_deficiency_cause_disposition,deficiencies,fact_deficiency,1,1,1
185,gold,deficiencies,dim_deficiency_csi_code,deficiencies,fact_deficiency,1,1,1
186,gold,deficiencies,dim_deficiency_division_group,deficiencies,fact_deficiency,1,1,1
187,gold,NULL,NULL,heavyjob,fact_daily_cost_by_cost_code,1,1,1
188,gold,NULL,NULL,safety_v,fact_incidents_event_task,1,1,1
189,gold,NULL,NULL,safety_v,fact_other_event_task,1,1,1
190,gold,NULL,NULL,safety_v,fact_stcky_svis_event_task,1,1,1
191,gold,NULL,NULL,operation_financials,fact_accounts_receivable,NULL,1,1
192,gold,conformed,dim_date,heavyjob,fact_daily_cost_by_cost_code,1,1,1
193,gold,conformed,dim_project,heavyjob,fact_daily_cost_by_cost_code,1,1,1
194,gold,conformed,dim_project,operation_financials,fact_accounts_receivable,NULL,1,1
195,gold,safety,fact_event_task,safety_v,fact_incidents_event_task,1,1,1
196,gold,safety,fact_event_task,safety_v,fact_other_event_task,1,1,1
197,gold,safety,fact_event_task,safety_v,fact_stcky_svis_event_task,1,1,1
198,gold,NULL,NULL,operation_financials,fact_project_billing,NULL,1,1
199,gold,conformed,dim_date,operation_financials,fact_project_billing,NULL,1,1
200,gold,conformed,dim_project,operation_financials,fact_project_billing,NULL,1,1
201,gold,NULL,NULL,destimator,dim_enr_building_cost_index,1,1,1
202,gold,NULL,NULL,destimator,dim_estimate,1,1,1
203,gold,NULL,NULL,destimator,dim_estimate_feedata,1,1,1
204,gold,NULL,NULL,destimator,dim_estimate_summary,1,1,1
205,gold,NULL,NULL,destimator,dim_estimate_sundtcmt_dictionary,1,1,1
206,gold,NULL,NULL,destimator,dim_rsmeans_escalator,1,1,1
207,gold,NULL,NULL,destimator,fact_estimate_general,1,1,1
208,gold,NULL,NULL,destimator,fact_estimate_hmf,1,1,1
209,gold,NULL,NULL,destimator,fact_estimate_office,1,1,1
210,gold,NULL,NULL,destimator,fact_estimate_parking,1,1,1
211,gold,NULL,NULL,destimator,fact_estimate_project,1,1,1
212,gold,NULL,NULL,destimator,fact_estimate_renovation,1,1,1
213,gold,NULL,NULL,destimator,fact_estimate_sm,1,1,1
214,gold,destimator,dim_estimate,destimator,fact_estimate_general,1,1,1
215,gold,destimator,dim_estimate,destimator,fact_estimate_hmf,1,1,1
216,gold,destimator,dim_estimate,destimator,fact_estimate_office,1,1,1
217,gold,destimator,dim_estimate,destimator,fact_estimate_parking,1,1,1
218,gold,destimator,dim_estimate,destimator,fact_estimate_project,1,1,1
219,gold,destimator,dim_estimate,destimator,fact_estimate_renovation,1,1,1
220,gold,destimator,dim_estimate,destimator,fact_estimate_sm,1,1,1
221,gold,NULL,NULL,prolog,fact_budget,1,1,1
222,gold,NULL,NULL,prolog,fact_change_order_requests,1,1,1
223,gold,NULL,NULL,prolog,fact_contact_list_by_project_number,1,1,1
224,gold,NULL,NULL,prolog,fact_contract_sched_of_values,1,1,1
225,gold,NULL,NULL,prolog,fact_contracts,1,1,1
226,gold,NULL,NULL,prolog,fact_daily_reports,1,1,1
227,gold,NULL,NULL,prolog,fact_fieldpo,1,1,1
228,gold,NULL,NULL,prolog,fact_pccos,1,1,1
229,gold,NULL,NULL,prolog,fact_potential_change_orders,1,1,1
230,gold,NULL,NULL,prolog,fact_potential_changeorder_line_items,1,1,1
231,gold,NULL,NULL,prolog,fact_projects_with_assigned_roles,1,1,1
232,gold,NULL,NULL,prolog,fact_request_for_information,1,1,1
233,gold,NULL,NULL,prolog,fact_safety,1,1,1
234,gold,NULL,NULL,prolog,fact_sub_contract_change_order,1,1,1
235,gold,NULL,NULL,prolog,fact_submittal_reviewers,1,1,1
236,gold,NULL,NULL,prolog,fact_submittals,1,1,1
237,gold,NULL,NULL,cmt,destimator_enrbuildingcostindex,1,1,1
238,gold,NULL,NULL,cmt,destimator_estimatedatadetails_general,1,1,1
239,gold,NULL,NULL,cmt,destimator_estimatedatadetails_hmf,1,1,1
240,gold,NULL,NULL,cmt,destimator_estimatedatadetails_office,1,1,1
241,gold,NULL,NULL,cmt,destimator_estimatedatadetails_parking,1,1,1
242,gold,NULL,NULL,cmt,destimator_estimatedatadetails_project,1,1,1
243,gold,NULL,NULL,cmt,destimator_estimatedatadetails_renovation,1,1,1
244,gold,NULL,NULL,cmt,destimator_estimatedatadetails_sm,1,1,1
245,gold,NULL,NULL,cmt,destimator_estimatefeedatadetails,1,1,1
246,gold,NULL,NULL,cmt,destimator_estimatesummarydatadetails,1,1,1
247,gold,NULL,NULL,cmt,destimator_historicalcostdata,1,1,1
248,gold,NULL,NULL,cmt,destimator_rsmeansescalator,1,1,1
249,gold,NULL,NULL,cmt,destimator_sundtcmt_st_dictionary,1,1,1
250,gold,NULL,NULL,cosential,bridge_cosential_project_opportunity_contact,1,1,1
251,gold,NULL,NULL,cosential,dim_construction_type,1,1,1
252,gold,NULL,NULL,cosential,dim_cosential_company,1,1,1
253,gold,NULL,NULL,cosential,dim_cosential_contact,1,1,1
254,gold,NULL,NULL,cosential,dim_cosential_project_opportunity_hierarchy,1,1,1
255,gold,NULL,NULL,cosential,dim_office,1,1,1
256,gold,NULL,NULL,cosential,dim_opportunity,1,1,1
257,gold,NULL,NULL,cosential,dim_opportunity_staff,1,1,1
258,gold,NULL,NULL,cosential,dim_personnel,1,1,1
259,gold,NULL,NULL,cosential,dim_project_awards,1,1,1
260,gold,NULL,NULL,cosential,dim_project_certifications,1,1,1
261,gold,NULL,NULL,cosential,dim_project_fees_contract,1,1,1
262,gold,NULL,NULL,cosential,dim_project_joint_venture,1,1,1
263,gold,NULL,NULL,cosential,dim_project_joint_venture_other,1,1,1
264,gold,NULL,NULL,cosential,dim_project_market,1,1,1
265,gold,NULL,NULL,cosential,dim_project_reference,1,1,1
266,gold,NULL,NULL,cosential,dim_project_staff,1,1,1
267,gold,NULL,NULL,cosential,dim_project_type,1,1,1
268,gold,NULL,NULL,cosential,dim_studio,1,1,1
269,gold,NULL,NULL,cosential,dim_subproject,1,1,1
270,gold,NULL,NULL,cosential,dim_type,1,1,1
271,gold,NULL,NULL,cosential,fact_opportunity,1,1,1
272,gold,NULL,NULL,cosential,fact_project,1,1,1
273,gold,conformed,dim_date,cosential,fact_opportunity,1,1,1
274,gold,conformed,dim_project,cosential,bridge_cosential_project_opportunity_contact,1,1,1
275,gold,conformed,dim_project,cosential,dim_cosential_project_opportunity_hierarchy,1,1,1
276,gold,conformed,dim_project,cosential,dim_opportunity,1,1,1
277,gold,conformed,dim_project,cosential,dim_project_awards,1,1,1
278,gold,conformed,dim_project,cosential,dim_project_certifications,1,1,1
279,gold,conformed,dim_project,cosential,dim_project_fees_contract,1,1,1
280,gold,conformed,dim_project,cosential,dim_project_joint_venture,1,1,1
281,gold,conformed,dim_project,cosential,dim_project_joint_venture_other,1,1,1
282,gold,conformed,dim_project,cosential,dim_project_market,1,1,1
283,gold,conformed,dim_project,cosential,dim_project_reference,1,1,1
284,gold,conformed,dim_project,cosential,dim_project_staff,1,1,1
285,gold,conformed,dim_project,cosential,dim_project_type,1,1,1
286,gold,conformed,dim_project,cosential,dim_subproject,1,1,1
287,gold,conformed,dim_project,cosential,fact_opportunity,1,1,1
288,gold,conformed,dim_project,cosential,fact_project,1,1,1
289,gold,conformed,dim_zipcodes,cosential,dim_opportunity,0,1,1
290,gold,conformed,dim_zipcodes,cosential,fact_opportunity,0,1,1
291,gold,cosential,dim_cosential_company,cosential,dim_cosential_contact,1,1,1
292,gold,cosential,dim_cosential_company,cosential,dim_opportunity,1,1,1
293,gold,cosential,dim_cosential_company,cosential,fact_opportunity,1,1,1
294,gold,cosential,dim_cosential_contact,cosential,bridge_cosential_project_opportunity_contact,1,1,1
295,gold,cosential,dim_opportunity,cosential,dim_office,1,1,1
296,gold,cosential,dim_opportunity,cosential,dim_opportunity_staff,1,1,1
297,gold,cosential,dim_opportunity,cosential,dim_studio,1,1,1
298,gold,cosential,dim_opportunity,cosential,fact_opportunity,1,1,1
299,gold,cosential,fact_project,cosential,dim_project_awards,1,1,1
300,gold,cosential,fact_project,cosential,dim_project_certifications,1,1,1
301,gold,cosential,fact_project,cosential,dim_project_joint_venture,1,1,1
302,gold,cosential,fact_project,cosential,dim_project_joint_venture_other,1,1,1
303,gold,cosential,fact_project,cosential,dim_project_market,1,1,1
304,gold,cosential,fact_project,cosential,dim_project_reference,1,1,1
305,gold,cosential,fact_project,cosential,dim_project_staff,1,1,1
306,gold,cosential,fact_project,cosential,dim_project_type,1,1,1
307,gold,cosential,fact_project,cosential,dim_subproject,1,1,1
308,gold,NULL,NULL,proforma,fact_proforma,1,1,1
309,gold,NULL,NULL,operation_financials,fact_executive_summary,1,1,1
310,gold,conformed,dim_date,operation_financials,fact_executive_summary,1,1,1
311,gold,conformed,dim_project,operation_financials,fact_executive_summary,1,1,1
312,gold,conformed,dim_project,proforma,fact_proforma,1,1,1
313,gold,NULL,NULL,operation_financials,fact_wpr_weekly,NULL,1,1
314,gold,NULL,NULL,operation_financials,stg_fact_wpr_weekly,0,1,1
315,gold,NULL,NULL,operation_financials_v,dim_account_master_lvl7_v,NULL,1,1
316,gold,NULL,NULL,operation_financials_v,fact_wpr_weekly_rpt_v,0,1,1
317,gold,NULL,NULL,schedule_v,fact_average_daily_labor_by_date_v,NULL,1,1
318,gold,NULL,NULL,schedule_v,fact_average_daily_labor_v,NULL,1,1
319,gold,NULL,NULL,schedule_v,fact_task_current_max_week_v,NULL,1,1
320,gold,conformed,dim_project,operation_financials,fact_wpr_weekly,NULL,1,1
321,gold,operation_financials,dim_account_master,operation_financials,fact_wpr_weekly,NULL,1,1
322,gold,operation_financials,dim_account_master,operation_financials_v,dim_account_master_lvl7_v,NULL,1,1
323,gold,operation_financials,dim_account_master,operation_financials_v,fact_wpr_weekly_rpt_v,0,1,1
324,gold,operation_financials,fact_account_balance,operation_financials,fact_wpr_weekly,NULL,1,1
325,gold,operation_financials,fact_account_balance,operation_financials,stg_fact_wpr_weekly,0,1,1
326,gold,operation_financials,fact_wpr_weekly,operation_financials_v,fact_wpr_weekly_rpt_v,0,1,1
327,gold,operation_financials,stg_fact_wpr_weekly,operation_financials,fact_wpr_weekly,0,1,1
328,gold,schedule,fact_task,schedule_v,fact_average_daily_labor_by_date_v,NULL,1,1
329,gold,schedule,fact_task,schedule_v,fact_average_daily_labor_v,NULL,1,1
330,gold,schedule,fact_task,schedule_v,fact_task_current_max_week_v,NULL,1,1
331,gold,schedule,dim_task,schedule_v,fact_task_current_max_week_v,NULL,1,1
332,gold,NULL,NULL,cosential_v,fact_opportunity_current_v,1,1,1
333,gold,cosential,fact_opportunity,cosential_v,fact_opportunity_current_v,1,1,1
334,gold,NULL,NULL,cosential,fact_opportunity_notes,1,1,1
335,gold,conformed,dim_date,cosential,fact_opportunity_notes,1,1,1
336,gold,cosential,dim_opportunity,cosential,fact_opportunity_notes,1,1,1
337,gold,cosential,dim_personnel,cosential,fact_opportunity_notes,1,1,1
338,gold,equipment,dim_equipment,equipment,fact_equipment_site_rate_integration_log,1,1,1
339,gold,equipment,dim_equipment_rate_group,equipment,fact_equipment_site_rate_integration_log,1,1,1
340,gold,equipment,dim_equipment_status,equipment,fact_equipment_site_rate_integration_log,1,1,1
341,gold,equipment,fact_equipment_site_rate_integration_log,equipment_secured_v,fact_equipment_site_rates_ineight_current_v,1,1,1
342,gold,NULL,NULL,equipment,dim_equipment,1,1,1
343,gold,NULL,NULL,equipment,dim_equipment_rate_group,1,1,1
344,gold,NULL,NULL,equipment,dim_equipment_status,1,1,1
345,gold,NULL,NULL,equipment,fact_equipment_site_rate_integration_log,1,1,1
346,gold,conformed,dim_date,equipment,fact_equipment_site_rate_integration_log,1,1,1
347,gold,conformed,dim_project,equipment,dim_equipment,1,1,1
348,gold,conformed,dim_project,equipment,fact_equipment_site_rate_integration_log,1,1,1
349,gold,NULL,NULL,mpr,data_import_log,1,1,1
350,gold,NULL,NULL,mpr,stg_account_balances,1,1,1
351,gold,NULL,NULL,mpr,stg_account_master,1,1,1
352,gold,NULL,NULL,mpr,stg_billing_summary,1,1,1
353,gold,NULL,NULL,mpr,stg_contracts,1,1,1
354,gold,NULL,NULL,mpr,stg_employee_project,1,1,1
355,gold,NULL,NULL,security,ref_user_project_role,1,1,1
356,gold,NULL,NULL,web_app_integration,project_notes_export,1,1,1
357,gold,conformed,dim_date,mpr,stg_account_balances,1,1,1
358,gold,conformed,dim_date,mpr,stg_billing_summary,1,1,1
359,gold,conformed,dim_project,mpr,stg_account_balances,1,1,1
360,gold,conformed,dim_project,mpr,stg_billing_summary,1,1,1
361,gold,conformed,dim_project,mpr,stg_contracts,1,1,1
362,gold,conformed,dim_project,mpr,stg_employee_project,1,1,1
363,gold,conformed,dim_project,security,ref_user_project_role,1,1,1
364,gold,mpr,stg_account_balances,mpr,data_import_log,1,1,1
365,gold,mpr,stg_account_master,mpr,data_import_log,1,1,1
366,gold,mpr,stg_billing_summary,mpr,data_import_log,1,1,1
367,gold,mpr,stg_contracts,mpr,data_import_log,1,1,1
368,gold,mpr,stg_employee_project,mpr,data_import_log,1,1,1
369,gold,operation_financials,dim_account_master,mpr,stg_account_balances,1,1,1
370,gold,operation_financials,dim_account_master,mpr,stg_account_master,1,1,1
371,gold,operation_financials,fact_account_balance,mpr,stg_account_balances,1,1,1
372,gold,prolog,fact_change_order_requests,mpr,stg_contracts,1,1,1
373,gold,prolog,fact_pccos,mpr,stg_contracts,1,1,1
374,gold,prolog,fact_potential_change_orders,mpr,stg_contracts,1,1,1
375,gold,prolog,fact_prolog_contracts,mpr,stg_contracts,1,1,1
376,gold,operation_financials,fact_project_billing,mpr,stg_billing_summary,1,1,1
377,gold,operation_financials,fact_project_cash_position,mpr,stg_billing_summary,1,1,1
378,gold,security,ref_user_project_role,mpr,stg_employee_project,1,1,1
379,gold,security,stg_user_defined_permission_override,mpr,stg_employee_project,0,1,1
380,gold,NULL,NULL,project_mgmt_core,fact_project_details,1,1,1
381,gold,conformed,dim_date,project_mgmt_core,fact_project_details,1,1,1
382,gold,conformed,dim_project,project_mgmt_core,fact_project_details,1,1,1
383,gold,NULL,NULL,equipment,fact_equipment,1,1,1
384,gold,NULL,NULL,equipment,fact_equipment_gl_trans,1,1,1
385,gold,NULL,NULL,equipment_v,dim_account_master_all_v,1,1,1
386,gold,NULL,NULL,operation_financials,dim_document_type,1,1,1
387,gold,NULL,NULL,operation_financials,dim_ledger_type,1,1,1
388,gold,conformed,dim_company,equipment,fact_equipment_gl_trans,1,1,1
389,gold,conformed,dim_date,equipment,fact_equipment,1,1,1
390,gold,conformed,dim_date,equipment,fact_equipment_gl_trans,1,1,1
391,gold,conformed,dim_project,equipment,fact_equipment,1,1,1
392,gold,conformed,dim_project,equipment,fact_equipment_gl_trans,1,1,1
393,gold,conformed,dim_project,equipment_v,dim_project_bu_all_v,1,1,1
394,gold,equipment,dim_equipment,equipment,fact_equipment,1,1,1
395,gold,equipment,dim_equipment,equipment,fact_equipment_gl_trans,1,1,1
396,gold,equipment,dim_equipment_rate_group,equipment,fact_equipment,1,1,1
397,gold,equipment,dim_equipment_status,equipment,fact_equipment,1,1,1
398,gold,operation_financials,dim_account_master,equipment,fact_equipment_gl_trans,1,1,1
399,gold,equipment,fact_equipment,equipment_v,fact_equipment_rental_in_service_v,1,1,1
400,gold,operation_financials,dim_document_type,equipment,fact_equipment_gl_trans,1,1,1
401,gold,operation_financials,dim_ledger_type,equipment,fact_equipment_gl_trans,1,1,1
406,gold,NULL,NULL,cosential,dim_cosential_states,1,1,1
407,gold,NULL,NULL,cosential,dim_project_consultants,1,1,1
408,gold,NULL,NULL,cosential,dim_project_consultants_contacts,1,1,1
409,gold,NULL,NULL,cosential,dim_project_descriptions,1,1,1
410,gold,NULL,NULL,cosential,dim_project_owner_client,1,1,1
411,gold,NULL,NULL,cosential,dim_project_owner_client_contacts,1,1,1
412,gold,NULL,NULL,cosential,dim_service_types,1,1,1
413,gold,NULL,NULL,cosential,dim_project_reference_testimonials,1,1,1
414,gold,NULL,NULL,safety,dim_ineight_role,1,1,1
415,gold,conformed,dim_project,cosential,dim_project_consultants,1,1,1
416,gold,conformed,dim_project,cosential,dim_project_consultants_contacts,1,1,1
417,gold,conformed,dim_project,cosential,dim_project_descriptions,1,1,1
418,gold,conformed,dim_project,cosential,dim_project_owner_client,1,1,1
419,gold,conformed,dim_project,cosential,dim_project_owner_client_contacts,1,1,1
420,gold,conformed,dim_project,cosential,dim_service_types,1,1,1
421,gold,conformed,dim_project,cosential,dim_project_reference_testimonials,1,1,1
422,gold,cosential,fact_project,cosential,dim_project_consultants,1,1,1
423,gold,cosential,fact_project,cosential,dim_project_consultants_contacts,1,1,1
402,gold,NULL,NULL,equipment,fact_equipment_status_history,1,1,1
403,gold,conformed,dim_date,equipment,fact_equipment_status_history,1,1,1
404,gold,equipment,dim_equipment,equipment,fact_equipment_status_history,1,1,1
405,gold,equipment,dim_equipment_status,equipment,fact_equipment_status_history,1,1,1
429,gold,NULL,NULL,cosential,dim_project_documents,1,1,1
430,gold,NULL,NULL,security,stg_user_cosential_opportunity_relationship,1,1,1
431,gold,NULL,NULL,security,stg_user_cosential_project_relationship,1,1,1
432,gold,conformed,dim_project,cosential,dim_project_documents,1,1,1
433,gold,cosential,dim_opportunity,security,stg_user_cosential_opportunity_relationship,1,1,1
434,gold,cosential,fact_project,cosential,dim_project_documents,1,1,1
435,gold,cosential,fact_project,security,stg_user_cosential_project_relationship,1,1,1
436,gold,security,dim_active_directory_user,security,stg_user_cosential_opportunity_relationship,1,1,1
437,gold,security,dim_active_directory_user,security,stg_user_cosential_project_relationship,1,1,1
438,gold,NULL,NULL,operation_financials,fact_account_balance_monthly_detail,1,1,1
439,gold,NULL,NULL,operation_financials,fact_account_balance_monthly_header,1,1,1
440,gold,conformed,dim_date,operation_financials,fact_account_balance_monthly_detail,1,1,1
441,gold,conformed,dim_date,operation_financials,fact_account_balance_monthly_header,1,1,1
442,gold,conformed,dim_project,operation_financials,fact_account_balance_monthly_detail,1,1,1
443,gold,conformed,dim_project,operation_financials,fact_account_balance_monthly_header,1,1,1
444,gold,operation_financials,dim_account_master,operation_financials,fact_account_balance_monthly_detail,1,1,1
445,gold,operation_financials,dim_account_master,operation_financials,fact_account_balance_monthly_header,1,1,1
446,gold,operation_financials,fact_account_balance,operation_financials,fact_account_balance_monthly_detail,1,1,1
447,gold,operation_financials,fact_account_balance,operation_financials,fact_account_balance_monthly_header,1,1,1
448,gold,NULL,NULL,heavyjob,fact_equip_detail,1,1,1
449,gold,NULL,NULL,heavyjob,fact_labor_detail,1,1,1
450,gold,conformed,dim_date,heavyjob,fact_equip_detail,1,1,1
451,gold,conformed,dim_date,heavyjob,fact_labor_detail,1,1,1
452,gold,conformed,dim_project,heavyjob,fact_equip_detail,1,1,1
453,gold,conformed,dim_project,heavyjob,fact_labor_detail,1,1,1
454,gold,safety,dim_body_part,safety,fact_event_task,1,1,1
455,gold,safety,dim_date,safety,fact_event_task,1,1,1
456,gold,safety,dim_injury_cause,safety,fact_event_task,1,1,1
457,gold,safety,dim_obs_project,safety,fact_event_task,1,1,1
458,gold,safety,dim_reporter_and_assignor,safety,fact_event_task,1,1,1
459,gold,NULL,NULL,safety,dim_injury_cause,1,1,1
460,gold,NULL,NULL,safety,dim_obs_project,1,1,1
461,gold,NULL,NULL,operation_financials_v,fact_project_billing_current_v,1,1,1
462,gold,NULL,NULL,operation_financials_v,fact_project_cash_position_current_v,1,1,1
463,gold,NULL,NULL,project_management,dim_change_order,1,1,1
464,gold,NULL,NULL,project_management,dim_change_order_description,1,1,1
465,gold,NULL,NULL,project_management,dim_cost_category,1,1,1
466,gold,NULL,NULL,project_management,dim_cost_item,1,1,1
467,gold,NULL,NULL,project_management,dim_cost_item_characteristic_type_list,1,1,1
468,gold,NULL,NULL,project_management,dim_forecast_method,1,1,1
469,gold,NULL,NULL,project_management,dim_forecast_snapshot,1,1,1
470,gold,NULL,NULL,project_management,dim_pay_item,1,1,1
471,gold,NULL,NULL,project_management,dim_unit_of_measure,1,1,1
472,gold,NULL,NULL,project_management,fact_actuals,1,1,1
473,gold,NULL,NULL,project_management,fact_change_order_pay_item,1,1,1
474,gold,NULL,NULL,project_management,fact_committed_cost_summary,1,1,1
475,gold,NULL,NULL,project_management,fact_control_budget,1,1,1
476,gold,NULL,NULL,project_management,fact_current_project_forecast,1,1,1
477,gold,NULL,NULL,project_management,fact_estimates,1,1,1
478,gold,NULL,NULL,project_management,fact_forecast,1,1,1
479,gold,NULL,NULL,project_management,fact_pay_item,1,1,1
480,gold,NULL,NULL,project_management,fact_pay_item_earning,1,1,1
481,gold,NULL,NULL,project_mgmt_core,dim_acs,1,1,1
482,gold,conformed,dim_date,project_management,fact_change_order_pay_item,1,1,1
483,gold,conformed,dim_project,project_management,fact_actuals,1,1,1
484,gold,conformed,dim_project,project_management,fact_change_order_pay_item,1,1,1
485,gold,conformed,dim_project,project_management,fact_committed_cost_summary,1,1,1
486,gold,conformed,dim_project,project_management,fact_control_budget,1,1,1
487,gold,conformed,dim_project,project_management,fact_current_project_forecast,1,1,1
488,gold,conformed,dim_project,project_management,fact_estimates,1,1,1
489,gold,conformed,dim_project,project_management,fact_forecast,1,1,1
490,gold,conformed,dim_project,project_management,fact_pay_item,1,1,1
491,gold,conformed,dim_project,project_management,fact_pay_item_earning,1,1,1
492,gold,project_management,dim_change_order_description,project_management,fact_change_order_pay_item,1,1,1
493,gold,project_management,dim_cost_item,project_management,dim_cost_item_characteristic_type_list,1,1,1
494,gold,project_management,dim_cost_item,project_management,fact_actuals,1,1,1
495,gold,project_management,dim_cost_item,project_management,fact_committed_cost_summary,1,1,1
496,gold,project_management,dim_cost_item,project_management,fact_control_budget,1,1,1
497,gold,project_management,dim_cost_item,project_management,fact_current_project_forecast,1,1,1
498,gold,project_management,dim_cost_item,project_management,fact_estimates,1,1,1
499,gold,project_management,dim_cost_item,project_management,fact_forecast,1,1,1
500,gold,project_management,dim_cost_item,project_management,fact_pay_item_earning,1,1,1
501,gold,project_management,dim_forecast_method,project_management,fact_current_project_forecast,1,1,1
502,gold,project_management,dim_forecast_snapshot,project_management,fact_current_project_forecast,1,1,1
503,gold,project_management,dim_pay_item,project_management,fact_change_order_pay_item,1,1,1
504,gold,project_management,dim_pay_item,project_management,fact_pay_item,1,1,1
505,gold,project_management,dim_pay_item,project_management,fact_pay_item_earning,1,1,1
506,gold,project_management,dim_unit_of_measure,project_management,fact_control_budget,1,1,1
507,gold,project_management,dim_unit_of_measure,project_management,fact_pay_item,1,1,1
508,gold,project_management,dim_wbs,project_management,fact_actuals,0,1,1
509,gold,project_management,dim_wbs,project_management,fact_committed_cost_summary,0,1,1
424,gold,cosential,fact_project,cosential,dim_project_descriptions,1,1,1
425,gold,cosential,fact_project,cosential,dim_project_owner_client,1,1,1
426,gold,cosential,fact_project,cosential,dim_project_owner_client_contacts,1,1,1
427,gold,cosential,fact_project,cosential,dim_project_reference_testimonials,1,1,1
428,gold,cosential,fact_project,cosential,dim_service_types,1,1,1
510,gold,project_management,dim_wbs,project_management,fact_control_budget,0,1,1
511,gold,project_management,dim_wbs,project_management,fact_current_project_forecast,0,1,1
512,gold,project_management,dim_wbs,project_management,fact_estimates,0,1,1
513,gold,project_management,dim_wbs,project_management,fact_forecast,0,1,1
514,gold,project_management,dim_wbs,project_management,fact_pay_item_earning,0,1,1
515,gold,project_mgmt_core,dim_acs,project_management,fact_actuals,1,1,1
516,gold,project_mgmt_core,dim_acs,project_management,fact_committed_cost_summary,1,1,1
517,gold,project_mgmt_core,dim_acs,project_management,fact_control_budget,1,1,1
518,gold,project_mgmt_core,dim_acs,project_management,fact_current_project_forecast,1,1,1
519,gold,project_mgmt_core,dim_acs,project_management,fact_estimates,1,1,1
520,gold,project_mgmt_core,dim_acs,project_management,fact_forecast,1,1,1
521,gold,project_mgmt_core,dim_acs,project_management,fact_pay_item_earning,1,1,1
522,gold,NULL,NULL,project_management,dim_forecast_notes,0,1,1
523,gold,NULL,NULL,project_management,dim_cor,1,1,1
524,gold,NULL,NULL,project_management,dim_cco,1,1,1
525,gold,NULL,NULL,project_management,dim_issue,1,1,1
526,gold,NULL,NULL,project_management,fact_budget_log,1,1,1
527,gold,NULL,NULL,project_management,fact_cco_log,1,1,1
528,gold,NULL,NULL,project_management,fact_change_order_cost,1,1,1
529,gold,NULL,NULL,project_management,fact_change_order_detail,1,1,1
530,gold,NULL,NULL,project_management,fact_cor_log,1,1,1
531,gold,NULL,NULL,project_management,fact_issues_log,1,1,1
532,gold,NULL,NULL,project_management,sat_current_budget_cost_item_category,1,1,1
533,gold,NULL,NULL,project_management,sat_orignial_budget_cost_item_category,1,1,1
534,gold,conformed,dim_project,project_management,fact_budget_log,1,1,1
535,gold,conformed,dim_project,project_management,fact_cco_log,1,1,1
536,gold,conformed,dim_project,project_management,fact_change_order_cost,1,1,1
537,gold,conformed,dim_project,project_management,fact_change_order_detail,1,1,1
538,gold,conformed,dim_project,project_management,fact_cor_log,1,1,1
539,gold,conformed,dim_project,project_management,fact_issues_log,1,1,1
540,gold,conformed,dim_project,project_management,sat_current_budget_cost_item_category,1,1,1
541,gold,conformed,dim_project,project_management,sat_orignial_budget_cost_item_category,1,1,1
542,gold,project_management,dim_cco,project_management,fact_budget_log,1,1,1
543,gold,project_management,dim_cco,project_management,fact_cco_log,1,1,1
544,gold,project_management,dim_cco,project_management,fact_cor_log,1,1,1
545,gold,project_management,dim_cco,project_management,fact_issues_log,1,1,1
546,gold,project_management,dim_change_order,project_management,fact_budget_log,1,1,1
547,gold,project_management,dim_change_order,project_management,fact_change_order_cost,1,1,1
548,gold,project_management,dim_change_order,project_management,fact_change_order_detail,1,1,1
549,gold,project_management,dim_cor,project_management,fact_budget_log,1,1,1
550,gold,project_management,dim_cor,project_management,fact_cor_log,1,1,1
551,gold,project_management,dim_cor,project_management,fact_issues_log,1,1,1
552,gold,project_management,dim_cost_category,project_management,fact_budget_log,1,1,1
553,gold,project_management,dim_cost_category,project_management,sat_current_budget_cost_item_category,1,1,1
554,gold,project_management,dim_cost_category,project_management,sat_orignial_budget_cost_item_category,1,1,1
555,gold,project_management,dim_cost_item,project_management,fact_budget_log,1,1,1
556,gold,project_management,dim_cost_item,project_management,fact_change_order_cost,1,1,1
557,gold,project_management,dim_cost_item,project_management,sat_current_budget_cost_item_category,1,1,1
558,gold,project_management,dim_cost_item,project_management,sat_orignial_budget_cost_item_category,1,1,1
559,gold,project_management,dim_issue,project_management,fact_budget_log,1,1,1
560,gold,project_management,dim_issue,project_management,fact_issues_log,1,1,1
561,gold,project_mgmt_core,dim_acs,project_management,fact_budget_log,1,1,1
562,gold,project_mgmt_core,dim_acs,project_management,fact_change_order_cost,1,1,1
563,gold,schedule,fact_task,schedule_v,fact_task_current_v,1,1,1
564,gold,NULL,NULL,conformed,dim_project_org_hierarchy,NULL,1,1
581,gold,NULL,NULL,mpr,stg_contract_summary,NULL,1,1
582,gold,NULL,NULL,mpr,stg_pcco_detail,NULL,1,1
583,gold,NULL,NULL,mpr,stg_cors_detail,NULL,1,1
584,gold,conformed,dim_project,mpr,stg_contract_summary,NULL,1,1
585,gold,conformed,dim_project,mpr,stg_pcco_detail,NULL,1,1
586,gold,conformed,dim_project,mpr,stg_cors_detail,NULL,1,1
587,gold,mpr,stg_contract_summary,mpr,data_import_log,1,1,1
588,gold,mpr,stg_cors_detail,mpr,data_import_log,1,1,1
589,gold,mpr,stg_pcco_detail,mpr,data_import_log,1,1,1
590,gold,prolog,fact_change_order_requests,mpr,stg_cors_detail,NULL,1,1
591,gold,prolog,fact_contracts,mpr,stg_contract_summary,NULL,1,1
592,gold,prolog,fact_pccos,mpr,stg_contract_summary,NULL,1,1
593,gold,prolog,fact_change_order_requests,mpr,stg_contract_summary,NULL,1,1
594,gold,prolog,fact_pccos,mpr,stg_pcco_detail,NULL,1,1
595,gold,prolog,fact_potential_change_orders,mpr,stg_contract_summary,NULL,1,1
596,gold,prolog,fact_potential_change_orders,mpr,stg_cors_detail,NULL,1,1
597,gold,NULL,NULL,mpr,stg_active_projects,NULL,1,1
598,gold,conformed,dim_project,mpr,stg_active_projects,NULL,1,1
599,gold,mpr,stg_active_projects,mpr,data_import_log,1,1,1
602,gold,NULL,NULL,user_communication,data_warehouse_release_notes,1,1,1
603,gold,NULL,NULL,operation_financials,missed_timecard_report,1,1,1
604,gold,NULL,NULL,project_management,brdg_work_package_component,1,1,1
605,gold,NULL,NULL,project_management,brdg_work_package_cost_item,1,1,1
606,gold,NULL,NULL,project_management,dim_claiming_scheme,1,1,1
607,gold,NULL,NULL,project_management,dim_claiming_scheme_step,1,1,1
608,gold,NULL,NULL,project_management,dim_commodity,1,1,1
609,gold,NULL,NULL,project_management,dim_component,1,1,1
610,gold,NULL,NULL,project_management,dim_craft,1,1,1
611,gold,NULL,NULL,project_management,dim_daily_plan,1,1,1
612,gold,NULL,NULL,project_management,dim_discipline,1,1,1
613,gold,NULL,NULL,project_management,dim_time_card,1,1,1
614,gold,NULL,NULL,project_management,dim_trade,1,1,1
615,gold,NULL,NULL,project_management,dim_union,1,1,1
616,gold,NULL,NULL,project_management,dim_user,1,1,1
617,gold,NULL,NULL,project_management,dim_work_package,1,1,1
618,gold,NULL,NULL,project_management,fact_daily_plan_notes,1,1,1
619,gold,NULL,NULL,project_management,fact_daily_plan_quantity,1,1,1
620,gold,NULL,NULL,project_management,fact_quantity_claim,1,1,1
621,gold,NULL,NULL,project_management,fact_time_card,1,1,1
622,gold,NULL,NULL,project_management,fact_work_package,1,1,1
623,gold,NULL,NULL,project_management,fact_wp_component_progress,1,1,1
624,gold,conformed,dim_project,project_management,fact_daily_plan_notes,1,1,1
625,gold,conformed,dim_project,project_management,fact_daily_plan_quantity,1,1,1
626,gold,conformed,dim_project,project_management,fact_quantity_claim,1,1,1
627,gold,conformed,dim_project,project_management,fact_time_card,1,1,1
628,gold,conformed,dim_project,project_management,fact_work_package,1,1,1
629,gold,conformed,dim_project,project_management,fact_wp_component_progress,1,1,1
630,gold,project_management,dim_claiming_scheme,project_management,fact_daily_plan_quantity,1,1,1
631,gold,project_management,dim_claiming_scheme,project_management,fact_quantity_claim,1,1,1
632,gold,project_management,dim_claiming_scheme,project_management,fact_wp_component_progress,1,1,1
633,gold,project_management,dim_claiming_scheme_step,project_management,fact_daily_plan_quantity,1,1,1
634,gold,project_management,dim_claiming_scheme_step,project_management,fact_quantity_claim,1,1,1
635,gold,project_management,dim_commodity,project_management,fact_wp_component_progress,1,1,1
636,gold,project_management,dim_component,project_management,brdg_work_package_component,1,1,1
637,gold,project_management,dim_component,project_management,fact_daily_plan_quantity,1,1,1
638,gold,project_management,dim_component,project_management,fact_quantity_claim,1,1,1
639,gold,project_management,dim_component,project_management,fact_wp_component_progress,1,1,1
640,gold,project_management,dim_cost_item,project_management,brdg_work_package_cost_item,1,1,1
641,gold,project_management,dim_cost_item,project_management,fact_daily_plan_quantity,1,1,1
642,gold,project_management,dim_craft,project_management,fact_time_card,1,1,1
643,gold,project_management,dim_daily_plan,project_management,fact_daily_plan_notes,1,1,1
644,gold,project_management,dim_daily_plan,project_management,fact_daily_plan_quantity,1,1,1
645,gold,project_management,dim_daily_plan,project_management,fact_quantity_claim,1,1,1
646,gold,project_management,dim_daily_plan,project_management,fact_time_card,1,1,1
647,gold,project_management,dim_discipline,project_management,fact_wp_component_progress,1,1,1
648,gold,project_management,dim_cost_item,project_management,fact_quantity_claim,1,1,1
649,gold,project_management,dim_cost_item,project_management,fact_time_card,1,1,1
650,gold,project_management,dim_cost_item,project_management,fact_wp_component_progress,1,1,1
651,gold,project_management,dim_time_card,project_management,fact_time_card,1,1,1
652,gold,project_management,dim_trade,project_management,fact_time_card,1,1,1
653,gold,project_management,dim_union,project_management,fact_time_card,1,1,1
654,gold,project_management,dim_unit_of_measure,project_management,fact_quantity_claim,1,1,1
655,gold,project_management,dim_unit_of_measure,project_management,fact_wp_component_progress,1,1,1
656,gold,project_management,dim_user,project_management,fact_time_card,1,1,1
657,gold,project_management,dim_unit_of_measure,project_management,fact_daily_plan_quantity,1,1,1
658,gold,project_management,dim_work_package,project_management,brdg_work_package_component,1,1,1
659,gold,project_management,dim_work_package,project_management,brdg_work_package_cost_item,1,1,1
660,gold,project_management,dim_work_package,project_management,fact_work_package,1,1,1
661,gold,project_mgmt_core,dim_acs,project_management,fact_daily_plan_quantity,1,1,1
662,gold,project_mgmt_core,dim_acs,project_management,fact_quantity_claim,1,1,1
663,gold,project_mgmt_core,dim_acs,project_management,fact_time_card,1,1,1
664,gold,project_mgmt_core,dim_acs,project_management,fact_wp_component_progress,1,1,1
600,gold,conformed,dim_zipcode,cosential,dim_opportunity,1,1,1
601,gold,conformed,dim_zipcode,cosential,fact_opportunity,1,1,1
665,gold,NULL,NULL,ineight_document_report,dim_document_rfi_report,1,1,1
666,gold,NULL,NULL,ineight_document_report,dim_document_submittal,1,1,1
667,gold,NULL,NULL,ineight_document_report,fact_document,1,1,1
668,gold,conformed,dim_project,ineight_document_report,fact_document,1,1,1
669,gold,ineight_document_report,dim_document_rfi_report,ineight_document_report,fact_document,1,1,1
670,gold,ineight_document_report,dim_document_submittal,ineight_document_report,fact_document,1,1,1
671,gold,NULL,NULL,safety_v,fact_labor_hours_by_project_monthly_v,NULL,1,1
672,gold,NULL,NULL,safety_v,fact_subcontractor_labor_hours_by_project_monthly_v,NULL,1,1
673,gold,labor,fact_monthly_subcontractors_hours_by_project,safety_v,fact_subcontractor_labor_hours_by_project_monthly_v,NULL,1,1
674,gold,labor,fact_weekly_labor_hours_by_project,safety_v,fact_labor_hours_by_project_monthly_v,NULL,1,1
675,gold,NULL,NULL,b2g,dim_vendor,1,1,1
676,gold,NULL,NULL,b2g,dim_xbe,1,1,1
677,gold,NULL,NULL,b2g,dim_xbe_subcontractor_commitments,1,1,1
678,gold,NULL,NULL,b2g,fact_contract_payment_xbe,1,1,1
679,gold,NULL,NULL,b2g,fact_vendor_payment_xbe,1,1,1
680,gold,NULL,NULL,equipment,fact_equipment_utilization,1,1,1
681,gold,b2g,dim_vendor,b2g,fact_vendor_payment_xbe,1,1,1
682,gold,b2g,dim_xbe,b2g,fact_contract_payment_xbe,1,1,1
683,gold,b2g,dim_xbe,b2g,fact_vendor_payment_xbe,1,1,1
684,gold,conformed,dim_date,equipment,fact_equipment_utilization,1,1,1
685,gold,conformed,dim_project,b2g,dim_xbe_subcontractor_commitments,1,1,1
686,gold,conformed,dim_project,b2g,fact_contract_payment_xbe,1,1,1
687,gold,conformed,dim_project,b2g,fact_vendor_payment_xbe,1,1,1
688,gold,conformed,dim_project,equipment,fact_equipment_utilization,1,1,1
689,gold,equipment,dim_equipment,equipment,fact_equipment_utilization,1,1,1
690,gold,equipment,dim_equipment_status,equipment,fact_equipment_utilization,1,1,1
691,gold,NULL,NULL,cslb,license_data,0,1,1
692,gold,NULL,NULL,safety,dim_org_project_bu,NULL,1,1
693,gold,NULL,NULL,safety_v,dim_org_project_bu_safety_v,NULL,1,1
694,gold,conformed,dim_project,safety,dim_org_project_bu,NULL,1,1
695,gold,safety,dim_org_project_bu,safety_v,dim_org_project_bu_safety_v,NULL,1,1
696,gold,NULL,NULL,web_app_integration,dim_pbi_report,1,1,1
697,gold,NULL,NULL,web_app_integration,dim_pbi_workspace,1,1,1
698,gold,NULL,NULL,web_app_integration,fact_pbi_user_activity,1,1,1
699,gold,conformed,dim_company,web_app_integration,fact_pbi_user_activity,1,1,1
700,gold,conformed,dim_project,web_app_integration,fact_pbi_user_activity,1,1,1
701,gold,security,dim_active_directory_user,web_app_integration,fact_pbi_user_activity,1,1,1
702,gold,web_app_integration,dim_pbi_report,web_app_integration,fact_pbi_user_activity,1,1,1
703,gold,web_app_integration,dim_pbi_workspace,web_app_integration,fact_pbi_user_activity,1,1,1
704,gold,NULL,NULL,security,stg_user_cost_code_relationship,1,1,1
705,gold,conformed,dim_project,security,stg_user_cost_code_relationship,1,1,1
706,gold,security,dim_active_directory_user,security,stg_user_cost_code_relationship,1,1,1
707,gold,NULL,NULL,conformed,dim_zipcode,1,1,1
708,gold,NULL,NULL,emars,dim_contractor,1,1,1
709,gold,NULL,NULL,emars,dim_ethnicity,1,1,1
710,gold,NULL,NULL,emars,dim_project_emars,1,1,1
711,gold,NULL,NULL,emars,dim_work_class,1,1,1
712,gold,NULL,NULL,emars_sensitive,dim_employee_emars,1,1,1
713,gold,NULL,NULL,emars_sensitive,fact_payroll,1,1,1
714,gold,NULL,NULL,emars_v,fact_payroll_hours_nonsensitive_v,1,1,1
715,gold,NULL,NULL,emars_v,fact_workforce_summary_v,1,1,1
716,gold,NULL,NULL,emars_v,fact_workforce_summary_work_class_v,1,1,1
717,gold,NULL,NULL,emars_v,fact_workforce_summary_worker_zip_v,1,1,1
718,gold,conformed,dim_date,emars_sensitive,fact_payroll,1,1,1
719,gold,conformed,dim_project,emars,dim_project_emars,1,1,1
720,gold,conformed,dim_project,emars_sensitive,fact_payroll,1,1,1
721,gold,conformed,dim_zipcode,emars_sensitive,fact_payroll,1,1,1
722,gold,emars,dim_contractor,emars_sensitive,fact_payroll,1,1,1
723,gold,emars,dim_ethnicity,emars_sensitive,fact_payroll,1,1,1
724,gold,emars,dim_project_emars,emars_sensitive,fact_payroll,1,1,1
725,gold,emars,dim_project_emars,emars_v,fact_workforce_summary_v,1,1,1
726,gold,emars,dim_project_emars,emars_v,fact_workforce_summary_work_class_v,1,1,1
727,gold,emars,dim_project_emars,emars_v,fact_workforce_summary_worker_zip_v,1,1,1
728,gold,emars,dim_work_class,emars_sensitive,fact_payroll,1,1,1
729,gold,emars,dim_work_class,emars_v,fact_workforce_summary_work_class_v,1,1,1
730,gold,emars_sensitive,dim_employee_emars,emars_sensitive,fact_payroll,1,1,1
731,gold,emars_sensitive,dim_employee_emars,emars_v,fact_workforce_summary_v,1,1,1
732,gold,emars_sensitive,dim_employee_emars,emars_v,fact_workforce_summary_work_class_v,1,1,1
733,gold,emars_sensitive,dim_employee_emars,emars_v,fact_workforce_summary_worker_zip_v,1,1,1
734,gold,emars_sensitive,fact_payroll,emars_v,fact_payroll_hours_nonsensitive_v,1,1,1
735,gold,emars_sensitive,fact_payroll,emars_v,fact_workforce_summary_v,1,1,1
736,gold,emars_sensitive,fact_payroll,emars_v,fact_workforce_summary_work_class_v,1,1,1
737,gold,emars_sensitive,fact_payroll,emars_v,fact_workforce_summary_worker_zip_v,1,1,1
738,gold,NULL,NULL,b2g,fact_vendor_performance_xbe,1,1,1
739,gold,b2g,dim_vendor,b2g,fact_vendor_performance_xbe,1,1,1
740,gold,b2g,fact_vendor_payment_xbe,b2g,fact_vendor_performance_xbe,1,1,1
741,gold,conformed,dim_project,b2g,fact_vendor_performance_xbe,1,1,1
742,gold,NULL,NULL,conformed_v,dim_closed_project_v,NULL,1,1
743,gold,NULL,NULL,ineight_document,dim_form,1,1,1
744,gold,NULL,NULL,ineight_document,fact_rfi,1,1,1
745,gold,NULL,NULL,ineight_document,fact_submittals,1,1,1
746,gold,NULL,NULL,project_management,fact_current_plan_detail,NULL,1,1
747,gold,NULL,NULL,project_management,fact_current_plan_summary,NULL,1,1
748,gold,NULL,NULL,project_management_v,fact_current_plan_actuals_detail_v,NULL,1,1
749,gold,NULL,NULL,project_management_v,fact_current_plan_actuals_summary_v,NULL,1,1
750,gold,NULL,NULL,project_management_v,fact_current_project_forecast_detail_v,NULL,1,1
751,gold,conformed,dim_project,ineight_document,fact_rfi,1,1,1
752,gold,conformed,dim_project,ineight_document,fact_submittals,1,1,1
753,gold,conformed,dim_project,project_management_v,fact_current_project_forecast_detail_v,NULL,1,1
754,gold,equipment_secured_v,fact_equipment_site_rates_ineight_current_v,project_management,fact_current_plan_detail,NULL,1,1
755,gold,ineight_document,dim_form,ineight_document,fact_rfi,1,1,1
756,gold,ineight_document,dim_form,ineight_document,fact_submittals,1,1,1
757,gold,project_management,dim_cost_category,project_management,fact_current_plan_detail,NULL,1,1
758,gold,project_management,dim_cost_item,project_management_v,fact_current_plan_actuals_detail_v,NULL,1,1
759,gold,project_management,dim_cost_item,project_management_v,fact_current_plan_actuals_summary_v,NULL,1,1
776,gold,NULL,NULL,safety,dim_compliance_user,NULL,1,1
777,gold,NULL,NULL,safety,dim_injury_cause_hierarchy,NULL,1,1
778,gold,NULL,NULL,safety,dim_safety_form,NULL,1,1
779,gold,NULL,NULL,safety,dim_stcky_bucket,NULL,1,1
780,gold,NULL,NULL,safety,dim_stcky_role,NULL,1,1
781,gold,NULL,NULL,safety,fact_cvis_recognition,NULL,1,1
782,gold,NULL,NULL,safety,fact_cvis_suggestion_box,NULL,1,1
783,gold,NULL,NULL,safety,fact_cvis_walk,NULL,1,1
784,gold,NULL,NULL,safety_v,fact_cvis_recognition_action_area_v,NULL,1,1
785,gold,NULL,NULL,safety_v,fact_cvis_recognition_award_type_v,NULL,1,1
786,gold,NULL,NULL,safety_v,fact_cvis_walk_corr_action_v,NULL,1,1
787,gold,NULL,NULL,safety_v,fact_cvis_walk_protection_v,NULL,1,1
788,gold,NULL,NULL,safety_v,fact_incident_body_part_v,NULL,1,1
789,gold,NULL,NULL,safety_v,fact_incident_equip_category_v,NULL,1,1
790,gold,NULL,NULL,safety_v,fact_incident_equip_crane_damage_v,NULL,1,1
791,gold,NULL,NULL,safety_v,fact_incident_equip_crane_estimated_loss_v,NULL,1,1
792,gold,NULL,NULL,safety_v,fact_incident_equip_crane_owner_v,NULL,1,1
793,gold,NULL,NULL,safety_v,fact_incident_event_v,NULL,1,1
794,gold,NULL,NULL,safety_v,fact_incident_first_aid_provider_v,NULL,1,1
795,gold,NULL,NULL,safety_v,fact_incident_injury_classification_v,NULL,1,1
796,gold,NULL,NULL,safety_v,fact_incident_injury_main_cause_v,NULL,1,1
797,gold,NULL,NULL,safety_v,fact_incident_injury_type_v,NULL,1,1
798,gold,NULL,NULL,safety_v,fact_incident_medical_treatment_provider_v,NULL,1,1
799,gold,NULL,NULL,safety_v,fact_incident_medical_treatment_v,NULL,1,1
800,gold,NULL,NULL,safety_v,fact_incident_utility_info_v,NULL,1,1
801,gold,NULL,NULL,safety_v,fact_incident_utility_pivots_v,NULL,1,1
802,gold,NULL,NULL,safety,fact_incident,NULL,1,1
803,gold,NULL,NULL,safety,fact_psli,NULL,1,1
804,gold,NULL,NULL,safety,fact_safety_event_task,NULL,1,1
805,gold,NULL,NULL,safety,fact_stcky_walk,NULL,1,1
806,gold,NULL,NULL,safety,fact_stcky_walk_missing_protection_reason,NULL,1,1
807,gold,NULL,NULL,safety_v,fact_psli_event_task_v,NULL,1,1
808,gold,NULL,NULL,safety_v,fact_stcky_walk_corr_action_v,NULL,1,1
809,gold,NULL,NULL,safety_v,fact_stcky_walk_protection_v,NULL,1,1
810,gold,conformed,dim_date,safety,fact_incident,NULL,1,1
811,gold,safety,fact_incident,safety_v,fact_incident_body_part_v,NULL,1,1
812,gold,safety,fact_incident,safety_v,fact_incident_equip_category_v,NULL,1,1
813,gold,safety,fact_incident,safety_v,fact_incident_equip_crane_damage_v,NULL,1,1
814,gold,safety,fact_incident,safety_v,fact_incident_equip_crane_estimated_loss_v,NULL,1,1
815,gold,safety,fact_incident,safety_v,fact_incident_equip_crane_owner_v,NULL,1,1
816,gold,safety,fact_incident,safety_v,fact_incident_first_aid_provider_v,NULL,1,1
817,gold,safety,fact_incident,safety_v,fact_incident_injury_classification_v,NULL,1,1
818,gold,safety,fact_incident,safety_v,fact_incident_injury_main_cause_v,NULL,1,1
819,gold,safety,fact_incident,safety_v,fact_incident_injury_type_v,NULL,1,1
820,gold,safety,fact_incident,safety_v,fact_incident_medical_treatment_provider_v,NULL,1,1
821,gold,safety,fact_incident,safety_v,fact_incident_medical_treatment_v,NULL,1,1
822,gold,safety,fact_incident,safety_v,fact_incident_utility_info_v,NULL,1,1
823,gold,safety,fact_incident,safety_v,fact_incident_utility_pivots_v,NULL,1,1
824,gold,safety,fact_psli,safety_v,fact_psli_event_task_v,NULL,1,1
825,gold,safety,fact_safety_event_task,safety,fact_cvis_recognition,NULL,1,1
826,gold,safety,fact_safety_event_task,safety,fact_cvis_suggestion_box,NULL,1,1
827,gold,safety,fact_safety_event_task,safety,fact_psli,NULL,1,1
828,gold,safety,fact_safety_event_task,safety,fact_stcky_walk_missing_protection_reason,NULL,1,1
829,gold,safety,fact_safety_event_task,safety_v,fact_cvis_recognition_action_area_v,NULL,1,1
830,gold,safety,fact_safety_event_task,safety_v,fact_cvis_recognition_award_type_v,NULL,1,1
831,gold,safety,fact_safety_event_task,safety_v,fact_cvis_walk_corr_action_v,NULL,1,1
832,gold,safety,fact_safety_event_task,safety_v,fact_cvis_walk_protection_v,NULL,1,1
833,gold,safety,fact_safety_event_task,safety_v,fact_incident_body_part_v,NULL,1,1
834,gold,safety,fact_safety_event_task,safety_v,fact_incident_equip_category_v,NULL,1,1
835,gold,safety,fact_safety_event_task,safety_v,fact_incident_equip_crane_damage_v,NULL,1,1
836,gold,safety,fact_safety_event_task,safety_v,fact_incident_equip_crane_estimated_loss_v,NULL,1,1
837,gold,safety,fact_safety_event_task,safety_v,fact_incident_equip_crane_owner_v,NULL,1,1
838,gold,safety,fact_safety_event_task,safety_v,fact_incident_first_aid_provider_v,NULL,1,1
839,gold,safety,fact_safety_event_task,safety_v,fact_incident_injury_classification_v,NULL,1,1
840,gold,safety,fact_safety_event_task,safety_v,fact_incident_injury_main_cause_v,NULL,1,1
841,gold,safety,fact_safety_event_task,safety_v,fact_incident_injury_type_v,NULL,1,1
842,gold,safety,fact_safety_event_task,safety_v,fact_incident_medical_treatment_provider_v,NULL,1,1
843,gold,safety,fact_safety_event_task,safety_v,fact_incident_medical_treatment_v,NULL,1,1
844,gold,safety,fact_safety_event_task,safety_v,fact_incident_utility_info_v,NULL,1,1
845,gold,safety,fact_safety_event_task,safety_v,fact_incident_utility_pivots_v,NULL,1,1
846,gold,safety,fact_safety_event_task,safety_v,fact_psli_event_task_v,NULL,1,1
847,gold,safety,fact_safety_event_task,safety_v,fact_stcky_walk_corr_action_v,NULL,1,1
848,gold,safety,fact_safety_event_task,safety_v,fact_stcky_walk_protection_v,NULL,1,1
849,gold,safety,fact_stcky_walk,safety_v,fact_stcky_walk_protection_v,NULL,1,1
850,gold,safety,dim_compliance_user,safety,dim_safety_form,NULL,1,1
851,gold,safety,dim_compliance_user,safety,fact_stcky_walk,NULL,1,1
852,gold,safety,dim_ineight_role,safety,fact_stcky_walk,NULL,1,1
853,gold,safety,dim_injury_cause_hierarchy,safety_v,fact_incident_injury_main_cause_v,NULL,1,1
854,gold,safety,dim_org_project_bu,safety,dim_safety_form,NULL,1,1
855,gold,safety,dim_safety_form,safety,fact_cvis_recognition,NULL,1,1
856,gold,safety,dim_safety_form,safety,fact_cvis_suggestion_box,NULL,1,1
857,gold,safety,dim_safety_form,safety,fact_cvis_walk,NULL,1,1
858,gold,safety,dim_safety_form,safety,fact_incident,NULL,1,1
859,gold,safety,dim_safety_form,safety,fact_psli,NULL,1,1
860,gold,safety,dim_safety_form,safety,fact_safety_event_task,NULL,1,1
861,gold,safety,dim_safety_form,safety,fact_stcky_walk,NULL,1,1
862,gold,safety,dim_safety_form,safety,fact_stcky_walk_missing_protection_reason,NULL,1,1
863,gold,safety,dim_safety_form,safety_v,fact_cvis_walk_corr_action_v,NULL,1,1
864,gold,safety,dim_safety_form,safety_v,fact_cvis_walk_protection_v,NULL,1,1
865,gold,safety,dim_safety_form,safety_v,fact_stcky_walk_corr_action_v,NULL,1,1
866,gold,safety,dim_safety_form,safety_v,fact_stcky_walk_protection_v,NULL,1,1
867,gold,safety,dim_stcky_role,safety,fact_stcky_walk,NULL,1,1
868,gold,safety,fact_cvis_recognition,safety_v,fact_cvis_recognition_action_area_v,NULL,1,1
869,gold,safety,fact_cvis_recognition,safety_v,fact_cvis_recognition_award_type_v,NULL,1,1
870,gold,safety,fact_cvis_walk,safety_v,fact_cvis_walk_protection_v,NULL,1,1
871,gold,NULL,NULL,compliance,bridge_vendor_eval_evaluator,NULL,1,1
872,gold,NULL,NULL,compliance,bridge_vendor_eval_work_package,NULL,1,1
873,gold,NULL,NULL,compliance,dim_project_phase,NULL,1,1
874,gold,NULL,NULL,compliance,dim_vendor_evaluation_form,NULL,1,1
875,gold,NULL,NULL,compliance,dim_work_package_trade,NULL,1,1
876,gold,NULL,NULL,compliance,fact_vendor_evaluation,NULL,1,1
877,gold,compliance,dim_project_phase,compliance,fact_vendor_evaluation,NULL,1,1
878,gold,compliance,dim_vendor_evaluation_form,compliance,fact_vendor_evaluation,NULL,1,1
879,gold,compliance,dim_work_package_trade,compliance,bridge_vendor_eval_work_package,NULL,1,1
880,gold,compliance,fact_vendor_evaluation,compliance,bridge_vendor_eval_evaluator,NULL,1,1
881,gold,compliance,fact_vendor_evaluation,compliance,bridge_vendor_eval_work_package,NULL,1,1
882,gold,conformed,dim_company,compliance,fact_vendor_evaluation,NULL,1,1
883,gold,conformed,dim_project,compliance,fact_vendor_evaluation,NULL,1,1
886,gold,NULL,NULL,equipment,bridge_work_order_gl_trans,1,1,1
885,gold,safety,dim_compliance_user,compliance,bridge_vendor_eval_evaluator,NULL,1,1
887,gold,equipment,fact_work_order,equipment,bridge_work_order_gl_trans,1,1,1
888,gold,equipment,fact_work_order_gl_trans,equipment,bridge_work_order_gl_trans,1,1,1
1022,gold,NULL,NULL,project_management,fact_contract_diversity,1,1,1
1023,gold,project_management,dim_contract_line,project_management,fact_contract_diversity,1,1,1
1024,gold,project_management,dim_diversity_category,project_management,fact_contract_diversity,1,1,1
1025,gold,NULL,NULL,schedule_validator,fact_project_performance_snapshot,1,1,1
1026,gold,conformed,dim_project,schedule_validator,fact_project_performance_snapshot,1,1,1
1047,gold,NULL,NULL,project_management,fact_contract_cost_item_pricing,1,1,1
1048,gold,conformed,dim_project,project_management,fact_contract_cost_item_pricing,1,1,1
1049,gold,project_management,dim_cco,project_management,fact_contract_cost_item_pricing,1,1,1
1050,gold,project_management,dim_cor,project_management,fact_contract_cost_item_pricing,1,1,1
1051,gold,project_management,dim_issue,project_management,fact_contract_cost_item_pricing,1,1,1
889,gold,NULL,NULL,equipment_v,fact_work_order_gl_trans_v,1,1,1
890,gold,NULL,NULL,equipment,dim_maint_schedule_status,1,1,1
891,gold,NULL,NULL,equipment,dim_maint_schedule_type,1,1,1
892,gold,NULL,NULL,equipment,dim_responsible_party,1,1,1
893,gold,NULL,NULL,equipment,dim_work_order,1,1,1
894,gold,NULL,NULL,equipment,dim_work_order_ownership,1,1,1
895,gold,NULL,NULL,equipment,dim_work_order_status,1,1,1
896,gold,NULL,NULL,equipment,dim_work_order_type,1,1,1
897,gold,NULL,NULL,equipment,fact_maint_schedule,1,1,1
898,gold,NULL,NULL,equipment,fact_work_order,1,1,1
899,gold,conformed,dim_company,equipment,fact_work_order,1,1,1
900,gold,equipment,dim_equipment_status,equipment,fact_work_order,1,1,1
901,gold,equipment,dim_maint_schedule_status,equipment,fact_maint_schedule,1,1,1
902,gold,equipment,dim_maint_schedule_type,equipment,fact_maint_schedule,1,1,1
903,gold,equipment,dim_responsible_party,equipment,fact_work_order,1,1,1
904,gold,equipment,dim_work_order,equipment,fact_maint_schedule,1,1,1
905,gold,equipment,dim_work_order,equipment,fact_work_order,1,1,1
906,gold,equipment,dim_work_order_ownership,equipment,fact_work_order,1,1,1
907,gold,equipment,dim_work_order_status,equipment,fact_work_order,1,1,1
908,gold,equipment,dim_work_order_type,equipment,fact_work_order,1,1,1
909,gold,equipment,dim_equipment,equipment,fact_maint_schedule,1,1,1
910,gold,equipment,dim_equipment,equipment,fact_work_order,1,1,1
911,gold,equipment,bridge_work_order_gl_trans,equipment,fact_work_order_gl_trans_v,1,1,1
912,gold,equipment,dim_work_order,equipment,fact_work_order_gl_trans_v,1,1,1
913,gold,equipment,fact_equipment_gl_trans,equipment,fact_work_order_gl_trans_v,1,1,1
914,gold,equipment,fact_work_order,equipment,fact_work_order_gl_trans_v,1,1,1
915,gold,NULL,NULL,cosential,dim_opportunity_consultants,1,1,1
916,gold,cosential,dim_opportunity,cosential,dim_opportunity_consultants,1,1,1
917,gold,NULL,NULL,operation_financials,scanman_approvals,NULL,1,1
918,gold,NULL,NULL,bridgit,bridgit_project,1,1,1
919,gold,NULL,NULL,bridgit,nccer_credentials,1,1,1
920,gold,NULL,NULL,bridgit,vairkko_certifications,1,1,1
921,gold,NULL,NULL,bridgit,vairkko_templates,1,1,1
922,gold,NULL,NULL,bridgit,vrm_driver_compliance,1,1,1
923,gold,conformed,dim_project,bridgit,bridgit_project,1,1,1
924,gold,NULL,NULL,project_management,bridge_bid_package_cost_item,1,1,1
925,gold,NULL,NULL,project_management,bridge_contract_closeout_user,1,1,1
926,gold,NULL,NULL,project_management,dim_bid_package,1,1,1
927,gold,NULL,NULL,project_management,dim_bid_package_milestone,1,1,1
928,gold,NULL,NULL,project_management,dim_contract,1,1,1
929,gold,NULL,NULL,project_management,dim_contract_closeout_status,1,1,1
930,gold,NULL,NULL,project_management,dim_contract_closeout_type,1,1,1
931,gold,NULL,NULL,project_management,dim_contract_detail_type,1,1,1
932,gold,NULL,NULL,project_management,dim_contract_line,1,1,1
933,gold,NULL,NULL,project_management,dim_contract_responsibility,1,1,1
934,gold,NULL,NULL,project_management,dim_contract_schedule_of_values,1,1,1
935,gold,NULL,NULL,project_management,dim_contract_type_hierarchy,1,1,1
936,gold,NULL,NULL,project_management,dim_contract_vco,1,1,1
937,gold,NULL,NULL,project_management,dim_diversity_category,1,1,1
938,gold,NULL,NULL,project_management,dim_invoice,1,1,1
939,gold,NULL,NULL,project_management,dim_invoice_payment_method,1,1,1
940,gold,NULL,NULL,project_management,dim_risk_mitigation_plan,1,1,1
941,gold,NULL,NULL,project_management,fact_contract_claim_history,1,1,1
942,gold,NULL,NULL,project_management,fact_contract_closeout,1,1,1
943,gold,NULL,NULL,project_management,fact_contract_line,1,1,1
944,gold,NULL,NULL,project_management,fact_contract_schedule_of_values,1,1,1
945,gold,NULL,NULL,project_management,fact_contract_vco_line,1,1,1
946,gold,NULL,NULL,project_management,fact_bid_package,1,1,1
947,gold,NULL,NULL,project_management,fact_bid_package_milestone,1,1,1
948,gold,NULL,NULL,project_management,fact_invoice_line,1,1,1
949,gold,NULL,NULL,project_management,fact_invoice_payment,1,1,1
950,gold,NULL,NULL,project_management,ref_bid_package_document,1,1,1
951,gold,NULL,NULL,project_management,ref_contract_document,1,1,1
952,gold,NULL,NULL,project_management_v,fact_invoice_payment_progress_v,1,1,1
953,gold,NULL,NULL,project_management_v,rpt_contract_line_exception_v,1,1,1
954,gold,NULL,NULL,project_management_v,rpt_contract_original_exception_v,1,1,1
955,gold,conformed,dim_company,project_management,fact_bid_package,1,1,1
956,gold,conformed,dim_company,project_management,fact_contract_claim_history,1,1,1
957,gold,conformed,dim_company,project_management,fact_contract_closeout,1,1,1
958,gold,conformed,dim_company,project_management,fact_contract_line,1,1,1
959,gold,conformed,dim_company,project_management,fact_contract_schedule_of_values,1,1,1
960,gold,conformed,dim_company,project_management,fact_contract_vco_line,1,1,1
961,gold,conformed,dim_company,project_management,fact_invoice_line,1,1,1
962,gold,conformed,dim_company,project_management,fact_invoice_payment,1,1,1
963,gold,conformed,dim_company,project_management,ref_bid_package_document,1,1,1
964,gold,conformed,dim_company,project_management,ref_contract_document,1,1,1
965,gold,conformed,dim_project,project_management,fact_bid_package,1,1,1
966,gold,conformed,dim_project,project_management,fact_contract_claim_history,1,1,1
967,gold,conformed,dim_project,project_management,fact_contract_closeout,1,1,1
968,gold,conformed,dim_project,project_management,fact_contract_line,1,1,1
969,gold,conformed,dim_project,project_management,fact_contract_schedule_of_values,1,1,1
970,gold,conformed,dim_project,project_management,fact_contract_vco_line,1,1,1
971,gold,conformed,dim_project,project_management,fact_invoice_line,1,1,1
972,gold,conformed,dim_project,project_management,fact_invoice_payment,1,1,1
973,gold,conformed,dim_project,project_management,ref_bid_package_document,1,1,1
974,gold,conformed,dim_project,project_management,ref_contract_document,1,1,1
975,gold,operation_financials,fact_contracts,project_management_v,rpt_contract_line_exception_v,1,1,1
976,gold,operation_financials,fact_contracts,project_management_v,rpt_contract_original_exception_v,1,1,1
977,gold,project_management,dim_bid_package,project_management,fact_bid_package,1,1,1
978,gold,project_management,dim_bid_package,project_management,fact_bid_package_milestone,1,1,1
979,gold,project_management,dim_bid_package_milestone,project_management,fact_bid_package_milestone,1,1,1
980,gold,project_management,dim_contract,project_management,fact_bid_package,1,1,1
760,gold,project_management,dim_cost_item,project_management_v,fact_current_project_forecast_detail_v,NULL,1,1
761,gold,project_management,dim_cost_item,project_management,fact_current_plan_detail,NULL,1,1
762,gold,project_management,fact_actuals,project_management_v,fact_current_plan_actuals_detail_v,NULL,1,1
763,gold,project_management,fact_actuals,project_management_v,fact_current_plan_actuals_summary_v,NULL,1,1
764,gold,project_management,fact_current_plan_detail,project_management,fact_current_plan_summary,NULL,1,1
765,gold,project_management,fact_current_plan_summary,project_management_v,fact_current_plan_actuals_detail_v,NULL,1,1
766,gold,project_management,fact_current_plan_summary,project_management_v,fact_current_plan_actuals_summary_v,NULL,1,1
767,gold,project_management,fact_current_project_forecast,project_management_v,fact_current_project_forecast_detail_v,NULL,1,1
768,gold,project_management,fact_quantity_claim,project_management,fact_current_plan_detail,NULL,1,1
769,gold,project_management,fact_time_card,project_management,fact_current_plan_detail,NULL,1,1
981,gold,project_management,dim_contract,project_management,fact_contract_closeout,1,1,1
982,gold,project_management,dim_contract,project_management,fact_contract_line,1,1,1
983,gold,project_management,dim_contract,project_management,fact_invoice_payment,1,1,1
984,gold,project_management,dim_contract,project_management,ref_bid_package_document,1,1,1
985,gold,project_management,dim_contract,project_management,ref_contract_document,1,1,1
986,gold,project_management,dim_contract_closeout_status,project_management,fact_contract_closeout,1,1,1
987,gold,project_management,dim_contract_closeout_type,project_management,fact_contract_closeout,1,1,1
988,gold,project_management,dim_contract_detail_type,project_management,fact_contract_line,1,1,1
989,gold,project_management,dim_contract_line,project_management,fact_contract_claim_history,1,1,1
990,gold,project_management,dim_contract_line,project_management,fact_contract_line,1,1,1
991,gold,project_management,dim_contract_line,project_management,fact_contract_schedule_of_values,1,1,1
992,gold,project_management,dim_contract_line,project_management,fact_contract_vco_line,1,1,1
993,gold,project_management,dim_contract_line,project_management,fact_invoice_line,1,1,1
994,gold,project_management,dim_contract_line,project_management_v,rpt_contract_line_exception_v,1,1,1
995,gold,project_management,dim_contract_line,project_management_v,rpt_contract_original_exception_v,1,1,1
996,gold,project_management,dim_contract_responsibility,project_management,fact_contract_line,1,1,1
997,gold,project_management,dim_contract_schedule_of_values,project_management,fact_contract_claim_history,1,1,1
998,gold,project_management,dim_contract_schedule_of_values,project_management,fact_contract_schedule_of_values,1,1,1
999,gold,project_management,dim_contract_term,project_management,fact_contract_line,1,1,1
1000,gold,project_management,dim_contract_type_hierarchy,project_management,fact_contract_line,1,1,1
1001,gold,project_management,dim_contract_vco,project_management,fact_contract_vco_line,1,1,1
1002,gold,project_management,dim_contract_vco,project_management,ref_contract_document,1,1,1
1003,gold,project_management,dim_cost_item,project_management,bridge_bid_package_cost_item,1,1,1
1004,gold,project_management,dim_cost_item,project_management,fact_contract_line,1,1,1
1005,gold,project_management,dim_cost_item,project_management,fact_contract_schedule_of_values,1,1,1
1006,gold,project_management,dim_cost_item,project_management,fact_contract_vco_line,1,1,1
1007,gold,project_management,dim_cost_item,project_management_v,rpt_contract_line_exception_v,1,1,1
1008,gold,project_management,dim_discipline,project_management,fact_bid_package,1,1,1
1009,gold,project_management,dim_discipline,project_management,fact_contract_line,1,1,1
1010,gold,project_management,dim_invoice,project_management,fact_invoice_line,1,1,1
1011,gold,project_management,dim_invoice,project_management,fact_invoice_payment,1,1,1
1012,gold,project_management,dim_invoice_payment_method,project_management,fact_invoice_payment,1,1,1
1013,gold,project_management,dim_risk_mitigation_plan,project_management,fact_bid_package,1,1,1
1014,gold,project_management,dim_unit_of_measure,project_management,fact_contract_line,1,1,1
1015,gold,project_management,dim_unit_of_measure,project_management,fact_contract_schedule_of_values,1,1,1
1016,gold,project_management,fact_bid_package,project_management,bridge_bid_package_cost_item,1,1,1
1017,gold,project_management,fact_contract_closeout,project_management,bridge_contract_closeout_user,1,1,1
1018,gold,project_management,fact_contract_line,project_management_v,rpt_contract_line_exception_v,1,1,1
1019,gold,project_management,fact_contract_line,project_management_v,rpt_contract_original_exception_v,1,1,1
1020,gold,project_management,fact_contract_vco_line,project_management_v,rpt_contract_line_exception_v,1,1,1
1021,gold,project_management,dim_user,project_management,bridge_contract_closeout_user,1,1,1
770,gold,NULL,NULL,operation_financials,scanman_workbench,NULL,1,1
771,gold,NULL,NULL,operation_financials,statement_of_operations_report_aa,NULL,1,1
772,gold,NULL,NULL,operation_financials,statement_of_operations_report_ba,NULL,1,1
1027,gold,NULL,NULL,ineight_document,dim_submittals_core,1,1,1
1028,gold,NULL,NULL,ineight_document,fact_submittals_core,1,1,1
1029,gold,NULL,NULL,ineight_document,fact_submittal_links,1,1,1
1030,gold,NULL,NULL,ineight_document,fact_submittal_milestone,1,1,1
1031,gold,conformed,dim_project,ineight_document,fact_submittal_links,1,1,1
1032,gold,conformed,dim_project,ineight_document,fact_submittal_milestone,1,1,1
1033,gold,conformed,dim_project,ineight_document,fact_submittals_core,1,1,1
1034,gold,ineight_document,dim_form,ineight_document,fact_submittals_core,1,1,1
1035,gold,ineight_document,dim_submittals_core,ineight_document,fact_submittal_links,1,1,1
1036,gold,ineight_document,dim_submittals_core,ineight_document,fact_submittal_milestone,1,1,1
1037,gold,ineight_document,dim_submittals_core,ineight_document,fact_submittals_core,1,1,1
1038,gold,ineight_document,dim_form,ineight_document,fact_submittal_links,1,1,1
1040,gold,NULL,NULL,operation_financials,scanman_audittrail,NULL,1,1
1041,gold,NULL,NULL,operation_financials,account_actuals_ledger,1,1,1
1042,gold,NULL,NULL,tradetapp,subcontractor_qualification,NULL,1,1
1043,gold,NULL,NULL,project_management,fact_actuals_lod_9,1,1,1
1044,gold,conformed,dim_project,project_management,fact_actuals_lod_9,1,1,1
1045,gold,project_management,dim_cost_item,project_management,fact_actuals_lod_9,1,1,1
1046,gold,project_mgmt_core,dim_acs,project_management,fact_actuals_lod_9,1,1,1
1052,gold,NULL,NULL,project_management,project_employee_role,1,1,1
1053,gold,NULL,NULL,enterprise_reporting,it_employee_hours,1,1,1
1054,gold,NULL,NULL,conformed,dim_employee,1,1,1
1057,gold,NULL,NULL,bridgit_reporting,access_token_bridgit,NULL,1,1
1058,gold,NULL,NULL,bridgit_reporting,dim_person,1,1,1
1059,gold,NULL,NULL,bridgit_reporting,dim_project_bridgit,1,1,1
1060,gold,NULL,NULL,bridgit_reporting,dim_role,1,1,1
1061,gold,NULL,NULL,bridgit_reporting,fact_allocations,1,1,1
1062,gold,bridgit_reporting,dim_person,bridgit_reporting,fact_allocations,1,1,1
1063,gold,bridgit_reporting,dim_project_bridgit,bridgit_reporting,fact_allocations,1,1,1
1064,gold,bridgit_reporting,dim_role,bridgit_reporting,fact_allocations,1,1,1
1065,gold,conformed,dim_date,bridgit_reporting,fact_allocations,1,1,1
1086,gold,NULL,NULL,ineight_schedule,dim_activity_code,1,1,1
1087,gold,NULL,NULL,ineight_schedule,dim_group,1,1,1
1088,gold,NULL,NULL,ineight_schedule,dim_task,1,1,1
1089,gold,NULL,NULL,ineight_schedule,dim_wbs,1,1,1
1090,gold,NULL,NULL,ineight_schedule,fact_task,1,1,1
1091,gold,NULL,NULL,ineight_schedule,fact_task_baseline,1,1,1
1092,gold,NULL,NULL,ineight_schedule_v,fact_task_baseline_current_v,1,1,1
1093,gold,NULL,NULL,ineight_schedule_v,fact_task_current_v,1,1,1
1094,gold,conformed,dim_project,ineight_schedule,dim_activity_code,1,1,1
1095,gold,conformed,dim_project,ineight_schedule,dim_task,1,1,1
1096,gold,conformed,dim_project,ineight_schedule,dim_wbs,1,1,1
1097,gold,conformed,dim_project,ineight_schedule,fact_task,1,1,1
1098,gold,conformed,dim_project,ineight_schedule,fact_task_baseline,1,1,1
1099,gold,ineight_schedule,dim_task,ineight_schedule,dim_activity_code,1,1,1
1100,gold,ineight_schedule,dim_task,ineight_schedule,fact_task,1,1,1
1101,gold,ineight_schedule,dim_task,ineight_schedule,fact_task_baseline,1,1,1
1102,gold,ineight_schedule,dim_wbs,ineight_schedule,fact_task,1,1,1
1103,gold,ineight_schedule,dim_wbs,ineight_schedule,fact_task_baseline,1,1,1
1104,gold,ineight_schedule,fact_task,ineight_schedule_v,fact_task_current_v,1,1,1
1105,gold,ineight_schedule,fact_task_baseline,ineight_schedule_v,fact_task_baseline_current_v,1,1,1
1056,gold,NULL,NULL,operation_financials,fact_project_labor_cost,NULL,1,1
1039,gold,NULL,NULL,enterprise_reporting,in8_cr,NULL,1,1
1055,gold,NULL,NULL,operation_financials,timesheet_compliance,NULL,1,1
1066,gold,NULL,NULL,origami,equipment,1,1,1
1067,gold,NULL,NULL,origami,locations,1,1,1
1068,gold,NULL,NULL,textura,bridge_project_user_role_textura,NULL,1,1
1069,gold,NULL,NULL,textura,dim_contract_textura,NULL,1,1
1070,gold,NULL,NULL,textura,dim_draw_textura,NULL,1,1
1071,gold,NULL,NULL,textura,dim_project_textura,NULL,1,1
1072,gold,NULL,NULL,textura,dim_subcontractor,NULL,1,1
1073,gold,NULL,NULL,textura,dim_supplier_tracking,NULL,1,1
1074,gold,NULL,NULL,textura,dim_user_textura,NULL,1,1
1075,gold,NULL,NULL,textura,fact_budget_line_textura,NULL,1,1
1076,gold,NULL,NULL,textura,fact_change_order_textura,NULL,1,1
1077,gold,NULL,NULL,textura,fact_invoice_approval_textura,NULL,1,1
1078,gold,NULL,NULL,textura,fact_invoice_line_textura,NULL,1,1
1079,gold,NULL,NULL,textura,fact_invoice_textura,NULL,1,1
1080,gold,NULL,NULL,textura,fact_lien_waiver_textura,NULL,1,1
1081,gold,NULL,NULL,textura,fact_payment_hold_textura,NULL,1,1
1082,gold,NULL,NULL,textura,fact_payment_textura,NULL,1,1
1083,gold,NULL,NULL,textura,fact_supplier_tracking,NULL,1,1
1084,gold,conformed,dim_project,origami,locations,1,1,1
1085,gold,equipment,fact_equipment_status_history,origami,equipment,1,1,1
